Name,CharCount
student5284.cpp,2104
student4824.cpp,3687
student9482.cpp,315
student1021.cpp,2859
student8011.cpp,2295
student3178.cpp,2195
student1009.cpp,2012
student8993.cpp,2859
student9864.cpp,1895
student9870.cpp,2130
student5904.cpp,315
student8561.cpp,1733
student1237.cpp,2034
student6558.cpp,1701
student1551.cpp,2333
student9125.cpp,2404
student6216.cpp,1882
student1579.cpp,2461
student4415.cpp,2029
student2886.cpp,2333
student8367.cpp,2705
student4575.cpp,1934
student2676.cpp,2208
student3568.cpp,2640
student6410.cpp,2462
student6376.cpp,2816
student5496.cpp,2312
student3756.cpp,2398
student4011.cpp,2614
student5468.cpp,2226
student7525.cpp,2106
student8819.cpp,2253
student2111.cpp,2007
student6363.cpp,1645
student1424.cpp,1891
student5695.cpp,1894
student4414.cpp,2102
student6571.cpp,437
student3421.cpp,437
student8560.cpp,1818
student5939.cpp,1959
student6001.cpp,711
student2267.cpp,2084
student8986.cpp,315
student4602.cpp,1829
student8776.cpp,1788
student8004.cpp,315
student6029.cpp,1870
student8789.cpp,2660
student3186.cpp,2448
student7492.cpp,1803
student1793.cpp,1000
student5287.cpp,1511
student6956.cpp,1875
student8774.cpp,380
student4628.cpp,2291
student5536.cpp,2070
student8006.cpp,1801
student6995.cpp,315
student5244.cpp,315
student2503.cpp,2289
student7123.cpp,2330
student8576.cpp,1706
student3423.cpp,2714
student1220.cpp,2510
student4416.cpp,2043
student3594.cpp,2398
student7080.cpp,2033
student3557.cpp,315
student5132.cpp,2311
student8416.cpp,2632
student8370.cpp,2269
student7043.cpp,2197
student2675.cpp,2640
student3219.cpp,2111
student7255.cpp,2127
student1624.cpp,315
student4748.cpp,2348
student2477.cpp,2197
student2463.cpp,1875
student6604.cpp,1249
student4749.cpp,2415
student2338.cpp,315
student5494.cpp,315
student7297.cpp,2720
student4577.cpp,2467
student3542.cpp,1630
student2648.cpp,1934
student7678.cpp,315
student7888.cpp,315
student3436.cpp,315
student3350.cpp,2877
student1547.cpp,1466
student9325.cpp,1790
student9443.cpp,1560
student4167.cpp,5808
student6002.cpp,1621
student3634.cpp,1887
student1037.cpp,1977
student3807.cpp,315
student1976.cpp,315
student7485.cpp,2180
student1966.cpp,3054
student7495.cpp,315
student4163.cpp,1936
student9447.cpp,2044
student6774.cpp,1959
student5533.cpp,1870
student3624.cpp,315
student4639.cpp,2071
student8598.cpp,2042
student7697.cpp,1899
student2704.cpp,2461
student7085.cpp,2937
student2664.cpp,745
student3546.cpp,1829
student7293.cpp,2549
student6172.cpp,2027
student2472.cpp,2230
student4771.cpp,1866
student3023.cpp,1866
student1620.cpp,2398
student7537.cpp,2226
student1146.cpp,315
student4016.cpp,315
student4770.cpp,2236
student8638.cpp,1000
student2498.cpp,315
student8412.cpp,1530
student2895.cpp,1886
student5122.cpp,212
student7735.cpp,1672
student6403.cpp,2176
student7709.cpp,2435
student2117.cpp,697
student7090.cpp,2239
student9095.cpp,315
student7906.cpp,2127
student9081.cpp,2918
student1542.cpp,2414
student7655.cpp,2877
student8566.cpp,2105
student4412.cpp,2308
student1581.cpp,2248
student2922.cpp,1459
student8599.cpp,1864
student3631.cpp,2370
student7457.cpp,315
student7331.cpp,315
student4638.cpp,2252
student7443.cpp,2071
student2513.cpp,2012
student6007.cpp,2137
student5268.cpp,315
student5297.cpp,201
student8957.cpp,2278
student3182.cpp,1731
student6011.cpp,1913
student3169.cpp,2137
student2511.cpp,2056
student2539.cpp,1672
student2908.cpp,741
student5915.cpp,2252
student1583.cpp,2640
student1597.cpp,1790
student4389.cpp,3687
student7119.cpp,2104
student7643.cpp,315
student3425.cpp,670
student9097.cpp,1938
student5861.cpp,3595
student2868.cpp,1966
student2667.cpp,1887
student1352.cpp,1821
student7051.cpp,2389
student3551.cpp,2695
student9281.cpp,2140
student6824.cpp,2505
student1193.cpp,2127
student3790.cpp,1530
student4772.cpp,2703
student6617.cpp,741
student9524.cpp,2653
student9531.cpp,1459
student2464.cpp,2207
student4798.cpp,0
student1192.cpp,315
student8363.cpp,1875
student4559.cpp,3054
student2896.cpp,315
student5109.cpp,751
student1390.cpp,2124
student5860.cpp,315
student7911.cpp,2126
student3424.cpp,315
student6548.cpp,315
student4377.cpp,2130
student1582.cpp,1983
student6992.cpp,2115
student9451.cpp,1329
student8997.cpp,1875
student8029.cpp,1979
student6010.cpp,926
student6776.cpp,2638
student9486.cpp,2102
student5581.cpp,1549
student6088.cpp,2367
student7382.cpp,315
student3866.cpp,3234
student3133.cpp,315
student3899.cpp,711
student7341.cpp,2276
student7369.cpp,2488
student6711.cpp,315
student6705.cpp,315
student7180.cpp,2488
student1297.cpp,2119
student7802.cpp,1329
student8264.cpp,2510
student1446.cpp,1790
student9998.cpp,2311
student8853.cpp,3258
student5378.cpp,315
student2371.cpp,2014
student2364.cpp,315
student9557.cpp,2758
student5345.cpp,0
student1889.cpp,2330
student7546.cpp,0
student7778.cpp,2253
student5621.cpp,1981
student6328.cpp,2162
student9972.cpp,315
student1269.cpp,10121
student4305.cpp,2549
student3442.cpp,310
student8503.cpp,749
student5741.cpp,2415
student2953.cpp,1996
student2210.cpp,2126
student4661.cpp,1926
student8067.cpp,201
student1725.cpp,2733
student3867.cpp,1873
student1916.cpp,2043
student1080.cpp,2428
student4850.cpp,2675
student3871.cpp,2091
student4878.cpp,405
student6706.cpp,2061
student4105.cpp,1788
student3483.cpp,3386
student7197.cpp,230
student5970.cpp,2033
student1531.cpp,2168
student8267.cpp,2123
student7791.cpp,0
student5804.cpp,2195
student8313.cpp,2623
student9569.cpp,2469
student6882.cpp,2247
student8139.cpp,1372
student8892.cpp,3625
student8886.cpp,2275
student8110.cpp,2035
student5420.cpp,2044
student1120.cpp,2168
student6854.cpp,2223
student6471.cpp,1803
student3535.cpp,2082
student5622.cpp,315
student3253.cpp,2160
student5805.cpp,1966
student5193.cpp,1466
student2830.cpp,2130
student1518.cpp,1934
student7633.cpp,1864
student7196.cpp,2077
student9805.cpp,2380
student2950.cpp,1816
student2213.cpp,3271
student9352.cpp,2467
student1068.cpp,2034
student6707.cpp,745
student4110.cpp,1916
student6049.cpp,1818
student7343.cpp,336
student9385.cpp,1977
student1093.cpp,2624
student8909.cpp,3434
student6924.cpp,315
student4841.cpp,670
student4100.cpp,2811
student7421.cpp,2653
student5236.cpp,2297
student4128.cpp,749
student4896.cpp,2734
student3135.cpp,2033
student4882.cpp,2861
student1044.cpp,2292
student5961.cpp,2116
student6267.cpp,1878
student1534.cpp,5014
student9949.cpp,2734
student1483.cpp,2348
student5829.cpp,2040
student1468.cpp,2213
student1440.cpp,2295
student5140.cpp,2370
student5154.cpp,2589
student5381.cpp,2481
student7582.cpp,1580
student8100.cpp,1922
student7540.cpp,1560
student3732.cpp,2198
student1643.cpp,2371
student7232.cpp,2937
student4934.cpp,2124
student7597.cpp,2318
student5380.cpp,2033
student8854.cpp,2278
student7742.cpp,2499
student8317.cpp,2014
student2148.cpp,2213
student2160.cpp,2625
student2821.cpp,2223
student1482.cpp,3258
student7795.cpp,2116
student1253.cpp,2643
student9141.cpp,1936
student9155.cpp,2269
student7178.cpp,315
student4471.cpp,1801
student7193.cpp,2084
student2941.cpp,1870
student8288.cpp,1922
student7346.cpp,2196
student3108.cpp,2703
student6931.cpp,741
student4665.cpp,3499
student3678.cpp,2462
student8705.cpp,1090
student6728.cpp,2166
student4659.cpp,2111
student3136.cpp,2224
student3485.cpp,2440
student6516.cpp,2873
student4473.cpp,2505
student3320.cpp,2936
student8329.cpp,2137
student6462.cpp,1816
student4261.cpp,2321
student2176.cpp,4150
student5619.cpp,4532
student6310.cpp,2233
student8467.cpp,2762
student2406.cpp,349
student9221.cpp,2208
student9547.cpp,2334
student5355.cpp,315
student8665.cpp,2887
student1640.cpp,1720
student8670.cpp,2705
student1132.cpp,2640
student3043.cpp,1388
student3719.cpp,2127
student1324.cpp,1821
student5624.cpp,2180
student7769.cpp,1831
student6259.cpp,2197
student1522.cpp,315
student5744.cpp,1983
student4466.cpp,315
student9624.cpp,1882
student6517.cpp,2444
student2956.cpp,315
student5220.cpp,2393
student2567.cpp,2028
student9340.cpp,2389
student7392.cpp,2214
student8089.cpp,1970
student8923.cpp,1768
student4682.cpp,2291
student2230.cpp,315
student2556.cpp,2370
student6042.cpp,2720
student2967.cpp,2193
student5952.cpp,2412
student7162.cpp,4727
student9601.cpp,2061
student4331.cpp,1161
student9946.cpp,2241
student8480.cpp,2451
.cpp,1329
student5832.cpp,583
student3516.cpp,315
student7980.cpp,212
student1329.cpp,1733
student3258.cpp,2414
student6320.cpp,2029
student8319.cpp,2816
student6877.cpp,1878
student5403.cpp,2044
student2437.cpp,2401
student6889.cpp,1926
student2351.cpp,310
student3715.cpp,697
student9238.cpp,2063
student5370.cpp,2389
student3701.cpp,437
student9589.cpp,2111
student2153.cpp,2088
student6321.cpp,2104
student1466.cpp,1701
student3517.cpp,2724
student5166.cpp,1563
student7771.cpp,1882
student5172.cpp,2176
student7956.cpp,1857
student6484.cpp,2675
student2806.cpp,1917
student6255.cpp,2243
student5774.cpp,1090
student4495.cpp,315
student2972.cpp,1934
student9416.cpp,2207
student8708.cpp,315
student4640.cpp,2300
student1710.cpp,2214
student9358.cpp,1137
student1704.cpp,2179
student5562.cpp,2014
student4867.cpp,315
student8085.cpp,2702
student6900.cpp,1966
student4681.cpp,2197
student7411.cpp,1829
student3677.cpp,675
student4124.cpp,2101
student5979.cpp,1995
student9825.cpp,1800
student5789.cpp,2123
student7834.cpp,2091
student4468.cpp,2101
student3313.cpp,2398
student9945.cpp,2007
student8497.cpp,1891
student9986.cpp,2291
student7773.cpp,1705
student1302.cpp,2127
student1464.cpp,1177
student5170.cpp,2263
student6874.cpp,2549
student8859.cpp,1838
student5399.cpp,1682
student8124.cpp,2160
student6109.cpp,1951
student3717.cpp,1785
student5366.cpp,1995
student8118.cpp,2223
student2421.cpp,2088
student6121.cpp,2300
student4736.cpp,2007
student9207.cpp,2383
student8119.cpp,315
student8864.cpp,2640
student4253.cpp,2334
student9993.cpp,2737
student3500.cpp,2208
student1303.cpp,1788
student5830.cpp,1970
student7799.cpp,2589
student4290.cpp,2877
student5005.cpp,315
student3306.cpp,2060
student4469.cpp,2176
student2959.cpp,1788
student6281.cpp,2208
student9824.cpp,1926
student2232.cpp,2528
student6054.cpp,2115
student7438.cpp,2289
student6087.cpp,1768
student9388.cpp,3234
student4860.cpp,310
student3869.cpp,1755
student8069.cpp,2291
student4647.cpp,315
student3666.cpp,2082
student8055.cpp,2129
student5571.cpp,1838
student9439.cpp,2600
student9175.cpp,4532
student9613.cpp,1922
student8257.cpp,2318
student5015.cpp,2281
student2197.cpp,2625
student6497.cpp,1549
student4280.cpp,2007
student7945.cpp,2127
student5834.cpp,703
student6332.cpp,2092
student4519.cpp,2695
student5607.cpp,2208
student6468.cpp,2111
student1313.cpp,2401
student9029.cpp,2193
student4082.cpp,2312
student8860.cpp,2787
student1688.cpp,2379
student6681.cpp,703
student4096.cpp,2247
student6656.cpp,2124
student1110.cpp,1454
student2343.cpp,2505
student9564.cpp,2714
student1845.cpp,1788
student5612.cpp,2137
student2155.cpp,315
student6455.cpp,2159
student3288.cpp,1580
student2196.cpp,2528
student1266.cpp,2056
student2009.cpp,1645
student5766.cpp,2295
student7165.cpp,2270
student8518.cpp,2444
student9160.cpp,2062
student2035.cpp,3415
student9821.cpp,2104
student8295.cpp,1875
student9438.cpp,1996
student4108.cpp,4150
student4134.cpp,2634
student6723.cpp,315
student2586.cpp,2033
student3856.cpp,2014
student4863.cpp,2632
student2553.cpp,315
student6053.cpp,1870
student4644.cpp,230
student4888.cpp,1706
student2221.cpp,2106
student2547.cpp,1894
student8724.cpp,2414
student1066.cpp,2070
student3671.cpp,2255
student5943.cpp,2028
student5957.cpp,2040
student9823.cpp,2197
student9837.cpp,2243
student3329.cpp,1873
student7173.cpp,1891
student1502.cpp,1788
student3315.cpp,2513
student8532.cpp,2014
student5770.cpp,315
student8308.cpp,349
student7985.cpp,1538
student4526.cpp,1621
student2157.cpp,1470
student1476.cpp,1995
student5162.cpp,2270
student4095.cpp,315
student8863.cpp,1801
student4903.cpp,1926
student3739.cpp,2510
student5348.cpp,1755
student9200.cpp,2197
student5412.cpp,5808
student3077.cpp,315
student5413.cpp,2490
student9201.cpp,1926
student9567.cpp,2490
student2340.cpp,1951
student1649.cpp,2126
student1891.cpp,315
student7589.cpp,2469
student3512.cpp,4727
student7774.cpp,2207
student5611.cpp,0
student1477.cpp,2703
student3506.cpp,1866
student5639.cpp,2758
student2142.cpp,3234
student1517.cpp,2321
student5771.cpp,1917
student6522.cpp,2270
student9163.cpp,2056
student9188.cpp,2236
student5573.cpp,2230
student8043.cpp,2638
student2208.cpp,2276
student3116.cpp,2614
student2234.cpp,1000
student6913.cpp,315
student2585.cpp,4150
student3857.cpp,2937
student8959.cpp,1966
student6960.cpp,2308
student6790.cpp,3180
student3171.cpp,2499
student3165.cpp,315
student1772.cpp,1816
student7868.cpp,1871
student2086.cpp,2140
student1202.cpp,2224
student7673.cpp,2014
student8540.cpp,2462
student3367.cpp,1667
student4420.cpp,2330
student9676.cpp,2119
student6545.cpp,1803
student9931.cpp,675
student2870.cpp,2966
student1410.cpp,2224
student6419.cpp,2291
student7713.cpp,2289
student4554.cpp,2104
student4226.cpp,2295
student6357.cpp,1321
student3978.cpp,675
student8187.cpp,2111
student4959.cpp,2062
student7277.cpp,2448
student3777.cpp,2412
student9272.cpp,315
student9273.cpp,3271
student6168.cpp,2196
student3776.cpp,2380
student5475.cpp,2297
student4780.cpp,583
student6815.cpp,1882
student8192.cpp,315
student9071.cpp,2383
student3206.cpp,315
student9924.cpp,1864
student9105.cpp,2104
student6550.cpp,2859
student2736.cpp,2012
student5071.cpp,1459
student1571.cpp,2105
student9887.cpp,2159
student2939.cpp,2035
student5529.cpp,2295
student1029.cpp,2248
student9475.cpp,3386
student9307.cpp,2070
student2508.cpp,1979
student8025.cpp,2233
student6008.cpp,1841
student1954.cpp,2143
student8964.cpp,2881
student8794.cpp,2193
student3819.cpp,2197
student4804.cpp,1388
student6787.cpp,2379
student1995.cpp,315
student7857.cpp,310
student3402.cpp,2528
student9113.cpp,2281
student7704.cpp,2330
student1375.cpp,2195
student4966.cpp,1933
student6195.cpp,2881
student5488.cpp,3625
student6156.cpp,1981
student1639.cpp,2600
student6631.cpp,3401
student4026.cpp,2176
student4740.cpp,2481
student4998.cpp,2027
student7249.cpp,2414
student7507.cpp,2887
student1176.cpp,3434
student5304.cpp,1470
student5660.cpp,5808
student6369.cpp,3214
student7936.cpp,1841
student9099.cpp,2076
student6553.cpp,1543
student9884.cpp,2323
student7671.cpp,3186
student1200.cpp,1785
student8224.cpp,1785
student7665.cpp,2269
student3403.cpp,1137
student1016.cpp,2859
student8754.cpp,2060
student4608.cpp,1553
student6792.cpp,2733
student4185.cpp,1768
student8797.cpp,2226
student4195.cpp,1875
student3836.cpp,315
student6966.cpp,689
student6999.cpp,405
student9466.cpp,1530
student2080.cpp,751
student6594.cpp,3214
student2916.cpp,1550
student7891.cpp,315
student8552.cpp,2380
student1562.cpp,3595
student9923.cpp,1553
student2645.cpp,749
student1364.cpp,2012
student7067.cpp,1137
student3567.cpp,315
student1833.cpp,315
student6635.cpp,1372
student4036.cpp,2887
student3759.cpp,349
student2447.cpp,315
student8142.cpp,315
student1600.cpp,3331
student6609.cpp,2549
student8157.cpp,315
student9275.cpp,2071
student7258.cpp,1959
student6634.cpp,2414
student6813.cpp,1549
student3943.cpp,1899
student3572.cpp,1916
student5665.cpp,2166
student2888.cpp,336
student9705.cpp,2208
student5659.cpp,1965
student5881.cpp,1800
student3406.cpp,315
student9671.cpp,1922
student6542.cpp,1857
student8209.cpp,2406
student3610.cpp,310
student5261.cpp,2440
student1013.cpp,315
student2254.cpp,315
student2240.cpp,315
student9473.cpp,2805
student6973.cpp,1841
student9498.cpp,1249
student6795.cpp,2294
student6781.cpp,2481
student4814.cpp,2042
student4155.cpp,3401
student5263.cpp,2275
student8747.cpp,2660
student8753.cpp,1979
student6018.cpp,2448
student8035.cpp,1886
student4343.cpp,1841
student4425.cpp,1938
student9673.cpp,1895
student2068.cpp,2143
student4419.cpp,2787
student9129.cpp,1630
student5713.cpp,315
student1213.cpp,1871
student9897.cpp,2634
student5129.cpp,3054
student4237.cpp,2311
student6346.cpp,2859
student5897.cpp,2126
student2652.cpp,2129
student5673.cpp,380
student1415.cpp,2406
student8357.cpp,315
student5667.cpp,1177
student2478.cpp,1884
student9538.cpp,2239
student3001.cpp,2137
student5470.cpp,1454
student1616.cpp,1682
student6151.cpp,315
student4785.cpp,1788
student8815.cpp,2239
student2486.cpp,2805
student3217.cpp,315
student1366.cpp,1933
student8430.cpp,2632
student9048.cpp,5014
student5882.cpp,1560
student4587.cpp,1977
student9128.cpp,2360
student7677.cpp,2811
student8222.cpp,2263
student6227.cpp,2044
student2900.cpp,2499
student8593.cpp,2334
student5276.cpp,1161
student9458.cpp,2873
student6743.cpp,2208
student9464.cpp,1884
