Name,CharCount
student5284.cpp,1673
student4824.cpp,3241
student1021.cpp,2523
student8011.cpp,2126
student3178.cpp,4708
student1009.cpp,1874
student8993.cpp,2523
student9864.cpp,977
student9870.cpp,315
student5904.cpp,315
student1237.cpp,2123
student6558.cpp,1701
student1551.cpp,3003
student9125.cpp,315
student6216.cpp,1761
student1579.cpp,2590
student2886.cpp,3003
student8367.cpp,1142
student4575.cpp,3865
student2676.cpp,3401
student3568.cpp,2703
student6410.cpp,2071
student6376.cpp,315
student5496.cpp,3046
student3756.cpp,2322
student4011.cpp,1904
student5468.cpp,2316
student7525.cpp,315
student8819.cpp,878
student2111.cpp,2366
student6363.cpp,1811
student1424.cpp,1708
student5695.cpp,1191
student4414.cpp,37
student3421.cpp,315
student8560.cpp,1692
student5939.cpp,2371
student6001.cpp,315
student2267.cpp,2849
student8986.cpp,315
student8776.cpp,315
student6029.cpp,3490
student8789.cpp,5833
student3186.cpp,781
student7492.cpp,1187
student1793.cpp,2038
student5287.cpp,2107
student6956.cpp,1456
student4628.cpp,1823
student5536.cpp,4091
student8006.cpp,2058
student5244.cpp,1860
student2503.cpp,2908
student7123.cpp,1829
student8576.cpp,959
student3423.cpp,3763
student1220.cpp,1767
student4416.cpp,2591
student3594.cpp,1752
student7080.cpp,2639
student3557.cpp,2001
student5132.cpp,1561
student8416.cpp,1594
student8370.cpp,315
student7043.cpp,315
student2675.cpp,2703
student3219.cpp,1061
student7255.cpp,239
student1624.cpp,315
student4748.cpp,2057
student2477.cpp,2208
student2463.cpp,315
student6604.cpp,315
student7297.cpp,1436
student4577.cpp,4271
student3542.cpp,2523
student2648.cpp,315
student7678.cpp,315
student7888.cpp,6546
student3436.cpp,315
student3350.cpp,2253
student1547.cpp,3321
student9325.cpp,2962
student9443.cpp,1739
student4167.cpp,564
student6002.cpp,315
student3807.cpp,324
student1976.cpp,315
student7485.cpp,2206
student1966.cpp,2619
student9447.cpp,3508
student6774.cpp,4033
student5533.cpp,2347
student4639.cpp,807
student8598.cpp,2035
student7697.cpp,1511
student2704.cpp,2590
student7085.cpp,773
student2664.cpp,315
student7293.cpp,3588
student6172.cpp,5414
student2472.cpp,2157
student4771.cpp,315
student3023.cpp,315
student1620.cpp,1752
student7537.cpp,2316
student1146.cpp,315
student4016.cpp,1923
student4770.cpp,2278
student8412.cpp,2009
student2895.cpp,2098
student5122.cpp,212
student7735.cpp,2261
student6403.cpp,3497
student7709.cpp,2342
student2117.cpp,315
student7090.cpp,2340
student9095.cpp,315
student9081.cpp,2840
student1542.cpp,1799
student7655.cpp,2253
student8566.cpp,1722
student4412.cpp,2679
student1581.cpp,3348
student8599.cpp,1366
student3631.cpp,4027
student4638.cpp,315
student7443.cpp,807
student2513.cpp,1874
student6007.cpp,3758
student5268.cpp,2590
student8957.cpp,1842
student3182.cpp,69
student6011.cpp,1923
student3169.cpp,2659
student2511.cpp,568
student2539.cpp,2261
student2908.cpp,1683
student5915.cpp,315
student1583.cpp,3049
student1597.cpp,2962
student4389.cpp,3241
student7119.cpp,2809
student3425.cpp,1829
student9097.cpp,2579
student5861.cpp,759
student2868.cpp,2191
student1352.cpp,315
student7051.cpp,451
student3551.cpp,2783
student6824.cpp,1482
student1193.cpp,2028
student3790.cpp,2009
student4772.cpp,2176
student6617.cpp,1683
student9524.cpp,3540
student2464.cpp,3007
student4798.cpp,315
student1192.cpp,315
student8363.cpp,315
student4559.cpp,2619
student2896.cpp,315
student1390.cpp,315
student5860.cpp,3348
student7911.cpp,1724
student3424.cpp,315
student4377.cpp,315
student1582.cpp,315
student6992.cpp,782
student8997.cpp,1596
student6010.cpp,475
student6776.cpp,2905
student9486.cpp,37
student5581.cpp,2566
student6088.cpp,1582
student7382.cpp,315
student3133.cpp,315
student3899.cpp,315
student7341.cpp,3422
student7369.cpp,315
student6711.cpp,2001
student6705.cpp,315
student7180.cpp,315
student1297.cpp,185
student8264.cpp,1767
student1446.cpp,2962
student9998.cpp,1561
student8853.cpp,315
student5378.cpp,315
student2371.cpp,1643
student2364.cpp,315
student9557.cpp,894
student5345.cpp,315
student7546.cpp,0
student7778.cpp,878
student5621.cpp,2404
student6328.cpp,728
student1269.cpp,315
student4305.cpp,2530
student3442.cpp,310
student8503.cpp,315
student2953.cpp,2609
student2210.cpp,2152
student4661.cpp,2224
student8067.cpp,69
student1725.cpp,522
student3867.cpp,2636
student1916.cpp,2591
student1080.cpp,882
student4850.cpp,2825
student3871.cpp,2987
student4878.cpp,315
student6706.cpp,1997
student4105.cpp,2730
student3483.cpp,2699
student7197.cpp,315
student5970.cpp,123
student1531.cpp,2042
student8267.cpp,1641
student7791.cpp,0
student5804.cpp,4708
student8313.cpp,573
student9569.cpp,622
student6882.cpp,347
student8139.cpp,315
student8892.cpp,315
student8886.cpp,4700
student8110.cpp,459
student5420.cpp,2354
student1120.cpp,2042
student6854.cpp,1696
student6471.cpp,1187
student3535.cpp,1008
student3253.cpp,2383
student5805.cpp,1944
student5193.cpp,3321
student2830.cpp,315
student1518.cpp,315
student7633.cpp,1366
student7196.cpp,2110
student9805.cpp,2732
student2950.cpp,2371
student2213.cpp,2691
student9352.cpp,4271
student1068.cpp,2123
student6707.cpp,315
student4110.cpp,1840
student6049.cpp,1692
student1093.cpp,1860
student8909.cpp,315
student4841.cpp,1829
student4100.cpp,0
student7421.cpp,3540
student5236.cpp,465
student4128.cpp,315
student4896.cpp,3173
student3135.cpp,2639
student4882.cpp,6546
student1044.cpp,475
student5961.cpp,5137
student6267.cpp,2411
student1534.cpp,2704
student9949.cpp,3173
student1483.cpp,2057
student5829.cpp,3047
student1468.cpp,2270
student1440.cpp,435
student5140.cpp,4027
student5381.cpp,2612
student7582.cpp,2340
student8100.cpp,2619
student7540.cpp,1739
student3732.cpp,2267
student7232.cpp,773
student4934.cpp,315
student7597.cpp,2385
student5380.cpp,123
student8854.cpp,1842
student7742.cpp,315
student8317.cpp,315
student2148.cpp,2270
student2160.cpp,1437
student2821.cpp,1696
student1482.cpp,315
student7795.cpp,5137
student1253.cpp,2535
student9141.cpp,3540
student9155.cpp,315
student4471.cpp,2058
student7193.cpp,2849
student2941.cpp,2110
student8288.cpp,3191
student7346.cpp,2670
student3108.cpp,2176
student6931.cpp,1683
student4665.cpp,2283
student3678.cpp,315
student8705.cpp,1643
student6728.cpp,2673
student4659.cpp,2317
student3136.cpp,3254
student3485.cpp,1973
student6516.cpp,2051
student4473.cpp,272
student3320.cpp,2155
student8329.cpp,2659
student6462.cpp,2371
student4261.cpp,2436
student2176.cpp,2839
student6310.cpp,315
student8467.cpp,2732
student2406.cpp,573
student9221.cpp,3401
student9547.cpp,2171
student5355.cpp,315
student8665.cpp,3018
student8670.cpp,1142
student1132.cpp,3049
student3719.cpp,2028
student1324.cpp,315
student5624.cpp,2206
student7769.cpp,253
student6259.cpp,2208
student1522.cpp,315
student5744.cpp,315
student9624.cpp,1834
student6517.cpp,3064
student2956.cpp,315
student2567.cpp,2011
student9340.cpp,451
student7392.cpp,2347
student8089.cpp,5248
student8923.cpp,1996
student4682.cpp,1823
student2556.cpp,4027
student6042.cpp,1436
student2967.cpp,676
student5952.cpp,2510
student7162.cpp,3502
student9601.cpp,1997
student4331.cpp,934
student9946.cpp,315
student8480.cpp,2347
student3516.cpp,480
student7980.cpp,212
student3258.cpp,2268
student8319.cpp,315
student6877.cpp,2411
student5403.cpp,3508
student2437.cpp,2020
student6889.cpp,2224
student3715.cpp,315
student9238.cpp,315
student5370.cpp,451
student9589.cpp,1061
student2153.cpp,1320
student6321.cpp,583
student1466.cpp,1701
student3517.cpp,315
student5166.cpp,1958
student7771.cpp,1761
student5172.cpp,3497
student7956.cpp,2770
student6484.cpp,2825
student2806.cpp,1320
student2755.cpp,315
student6255.cpp,2129
student5774.cpp,1643
student2972.cpp,3865
student9416.cpp,3007
student8708.cpp,315
student4640.cpp,1688
student1710.cpp,2347
student1704.cpp,2082
student5562.cpp,1643
student4867.cpp,315
student8085.cpp,4100
student6900.cpp,2191
student4681.cpp,3464
student3677.cpp,315
student4124.cpp,3235
student5979.cpp,2135
student9825.cpp,440
student5789.cpp,1641
student7834.cpp,2987
student4468.cpp,3235
student3313.cpp,1752
student9945.cpp,2366
student8497.cpp,315
student9986.cpp,1758
student7773.cpp,1056
student1302.cpp,2028
student1464.cpp,315
student5170.cpp,936
student6874.cpp,2530
student8859.cpp,3704
student5399.cpp,981
student8124.cpp,2383
student6109.cpp,594
student3717.cpp,2515
student5366.cpp,2135
student8118.cpp,1696
student2421.cpp,1320
student6121.cpp,1688
student4736.cpp,2038
student9207.cpp,37
student8864.cpp,2703
student4253.cpp,2171
student9993.cpp,324
student3500.cpp,936
student1303.cpp,2730
student5830.cpp,5248
student4290.cpp,2253
student3306.cpp,1715
student4469.cpp,2104
student2959.cpp,1924
student6281.cpp,315
student9824.cpp,2224
student2232.cpp,2767
student6054.cpp,782
student7438.cpp,2908
student6087.cpp,1996
student4860.cpp,310
student3869.cpp,737
student8069.cpp,1823
student3666.cpp,1008
student8055.cpp,4211
student5571.cpp,3704
student9439.cpp,315
student9613.cpp,2619
student8257.cpp,2385
student5015.cpp,2267
student2197.cpp,1437
student6497.cpp,2566
student4280.cpp,2366
student7945.cpp,239
student8486.cpp,315
student6332.cpp,315
student4519.cpp,2783
student5607.cpp,315
student6468.cpp,2317
student1313.cpp,2020
student9029.cpp,676
student4082.cpp,3046
student1688.cpp,1996
student4096.cpp,347
student6656.cpp,315
student1110.cpp,3490
student2343.cpp,272
student9564.cpp,3763
student1845.cpp,315
student5612.cpp,3758
student2155.cpp,1860
student6455.cpp,3281
student3288.cpp,2340
student2196.cpp,2767
student1266.cpp,337
student2009.cpp,1811
student5766.cpp,315
student7165.cpp,3579
student8518.cpp,3064
student9160.cpp,806
student2035.cpp,2886
student9821.cpp,2809
student8295.cpp,1456
student9438.cpp,2609
student4108.cpp,2839
student4134.cpp,1821
student6723.cpp,315
student2586.cpp,2639
student4863.cpp,1594
student2553.cpp,3049
student6053.cpp,1596
student4644.cpp,878
student4888.cpp,959
student2221.cpp,315
student2547.cpp,1191
student8724.cpp,2268
student1066.cpp,4091
student3671.cpp,2465
student5943.cpp,2011
student5957.cpp,3047
student9823.cpp,315
student9837.cpp,2129
student3329.cpp,2636
student1502.cpp,315
student3315.cpp,2034
student8532.cpp,315
student7985.cpp,1801
student4526.cpp,315
student2157.cpp,1972
student1476.cpp,2135
student5162.cpp,3579
student8863.cpp,2058
student4903.cpp,2515
student3739.cpp,1767
student5348.cpp,315
student9200.cpp,315
student5412.cpp,564
student5413.cpp,5221
student9201.cpp,2515
student9567.cpp,5221
student2340.cpp,594
student1649.cpp,1724
student7589.cpp,622
student3512.cpp,3502
student7774.cpp,3007
student5611.cpp,0
student1477.cpp,2176
student3506.cpp,315
student5639.cpp,894
student1517.cpp,315
student6522.cpp,3579
student9163.cpp,337
student9188.cpp,2278
student5573.cpp,2157
student8043.cpp,2905
student2208.cpp,3422
student3116.cpp,1904
student2585.cpp,2839
student3857.cpp,773
student8959.cpp,1944
student6960.cpp,2679
student6790.cpp,988
student3171.cpp,315
student3165.cpp,2001
student1772.cpp,2371
student7868.cpp,1859
student1202.cpp,3254
student7673.cpp,1643
student3367.cpp,2510
student4420.cpp,315
student9676.cpp,185
student6545.cpp,1187
student9931.cpp,315
student2870.cpp,4036
student1410.cpp,3254
student6419.cpp,1758
student7713.cpp,2908
student4554.cpp,583
student4226.cpp,315
student6357.cpp,2005
student3978.cpp,315
student8187.cpp,1061
student4959.cpp,806
student7277.cpp,781
student9272.cpp,480
student9273.cpp,2691
student6168.cpp,2670
student5475.cpp,465
student6815.cpp,1834
student8192.cpp,480
student9071.cpp,37
student3206.cpp,315
student9924.cpp,1366
student9105.cpp,2809
student6550.cpp,918
student1571.cpp,1722
student9887.cpp,3281
student2939.cpp,459
student5529.cpp,2126
student1029.cpp,3348
student9475.cpp,2699
student9307.cpp,4091
student2508.cpp,1758
student8025.cpp,315
student6008.cpp,2586
student1954.cpp,315
student8964.cpp,3306
student8794.cpp,2945
student3819.cpp,3464
student4804.cpp,315
student6787.cpp,1996
student1995.cpp,315
student7857.cpp,568
student3402.cpp,2767
student9113.cpp,2267
student7704.cpp,315
student1375.cpp,4708
student4966.cpp,2358
student6195.cpp,3306
student5488.cpp,315
student6156.cpp,2404
student1639.cpp,315
student6631.cpp,6099
student4026.cpp,2104
student4740.cpp,2612
student4998.cpp,5414
student7249.cpp,2268
student7507.cpp,3018
student1176.cpp,315
student5304.cpp,1972
student5660.cpp,564
student6369.cpp,2363
student7936.cpp,2586
student8393.cpp,315
student6553.cpp,1708
student9884.cpp,315
student1200.cpp,2515
student8224.cpp,2515
student7665.cpp,315
student1016.cpp,2523
student8754.cpp,1715
student6792.cpp,522
student4185.cpp,1996
student8797.cpp,2316
student4195.cpp,1596
student6966.cpp,315
student6999.cpp,315
student9466.cpp,2009
student2080.cpp,185
student6594.cpp,2363
student1562.cpp,759
student2645.cpp,315
student3567.cpp,315
student1833.cpp,315
student6635.cpp,315
student4036.cpp,3018
student3759.cpp,2411
student2447.cpp,315
student1600.cpp,2585
student6609.cpp,3588
student9275.cpp,807
student7258.cpp,2371
student6634.cpp,1799
student6813.cpp,2566
student3943.cpp,1511
student3572.cpp,1840
student5665.cpp,2673
student9705.cpp,315
student5659.cpp,2312
student5881.cpp,440
student3406.cpp,4036
student9671.cpp,3191
student6542.cpp,2770
student8209.cpp,2528
student3610.cpp,2945
student5261.cpp,1973
student1013.cpp,315
student2254.cpp,315
student9315.cpp,1482
student9473.cpp,315
student6795.cpp,2777
student6781.cpp,2612
student4814.cpp,2035
student4155.cpp,6099
student5263.cpp,4700
student8747.cpp,5833
student8753.cpp,3047
student6018.cpp,781
student8035.cpp,2098
student4343.cpp,594
student4425.cpp,2579
student9673.cpp,977
student2068.cpp,315
student4419.cpp,882
student9129.cpp,2523
student1213.cpp,1859
student9897.cpp,1821
student5129.cpp,2619
student4237.cpp,1561
student6346.cpp,918
student5897.cpp,2152
student2652.cpp,4211
student5673.cpp,918
student1415.cpp,2528
student5667.cpp,315
student2478.cpp,1310
student9538.cpp,2340
student3001.cpp,2659
student1616.cpp,981
student6151.cpp,315
student4785.cpp,1924
student8815.cpp,2340
student2486.cpp,315
student3217.cpp,2530
student1366.cpp,2358
student8430.cpp,1594
student9048.cpp,2704
student5882.cpp,1739
student9128.cpp,2071
student7677.cpp,0
student8222.cpp,936
student6227.cpp,3508
student2900.cpp,315
student8593.cpp,2171
student5276.cpp,934
student9458.cpp,2051
student6743.cpp,728
student9464.cpp,1310
